{"cameraMode":{"drawMode":0,"name":"Shaded","section":"Shading Mode"},"sceneLighting":true,"audioPlay":false,"sceneViewState":{"showFog":true,"showMaterialUpdate":false,"showSkybox":true,"showFlares":true,"showImageEffects":true,"showParticleSystems":true},"in2DMode":false,"pivot":{"x":-0.6546679139137268,"y":13.619189262390137,"z":-25.979223251342775},"rotation":{"x":-0.06924038380384445,"y":0.020047208294272424,"z":-0.0013915365561842919,"w":-0.9973995685577393},"size":2.355729341506958,"orthographic":false}