{"cameraMode":{"drawMode":0,"name":"Shaded","section":"Shading Mode"},"sceneLighting":true,"audioPlay":false,"sceneViewState":{"showFog":true,"showMaterialUpdate":false,"showSkybox":true,"showFlares":true,"showImageEffects":true,"showParticleSystems":true},"in2DMode":false,"pivot":{"x":-0.33789995312690737,"y":3.814818859100342,"z":-0.6922402381896973},"rotation":{"x":0.010188097134232521,"y":0.02009447291493416,"z":0.00020442047389224172,"w":-0.9997612237930298},"size":3.0442702770233156,"orthographic":false}