{"cameraMode":{"drawMode":0,"name":"Shaded","section":"Shading Mode"},"sceneLighting":true,"audioPlay":false,"sceneViewState":{"showFog":true,"showMaterialUpdate":false,"showSkybox":true,"showFlares":true,"showImageEffects":true,"showParticleSystems":true},"in2DMode":false,"pivot":{"x":-0.09158840775489807,"y":3.5279595851898195,"z":-5.566754341125488},"rotation":{"x":0.07648425549268723,"y":0.08067048341035843,"z":-0.006207810714840889,"w":0.9938023090362549},"size":0.42902371287345889,"orthographic":false}